Scheduled Time (EST),Content
2025-04-06 16:00:13,Keep your Bitcoin off exchanges. History repeats if you don't learn.
2025-04-06 21:47:13,Don't panic-sell your Bitcoin. Zoom out—it's still winning.
2025-04-07 10:10:13,Stocks are a rollercoaster. Bitcoin's the steady climb.
2025-04-07 11:42:13,Don't wait for the crash to see Bitcoin's worth. Act now.
2025-04-07 12:28:13,Bitcoin's resilience isn't hype. It's physics in a collapsing economy.
2025-04-07 13:52:13,"Bitcoin's not fazed by economic chaos. That's strength, not luck."
2025-04-07 21:46:13,Bitcoin leaving exchanges in droves. Smart money's going cold.
2025-04-08 11:39:13,Own your Bitcoin or someone else will claim it. Simple as that.
2025-04-08 18:16:13,Bitcoin's the hedge you wish you had last year. Get in now.
2025-04-09 10:20:13,Bitcoin's not a 'maybe'—it's a must in this economy.
2025-04-09 16:04:13,Exchanges are ticking time bombs. Secure your Bitcoin today.
2025-04-09 18:05:13,Bitcoin's not a gamble—it's insurance against a broken system.
2025-04-10 12:19:13,Don't sleep on Bitcoin. It's quietly outpacing everything you own.
2025-04-10 17:53:13,Bitcoin's not a Ponzi. It's the exit from one. Buy some.
2025-04-10 19:12:13,Exchanges aren't your wallet. Move your Bitcoin—own it or lose it.
2025-04-11 19:43:13,Bitcoin's not a trend—it's a lifeline. Grab it.
2025-04-11 22:05:13,Bitcoin's not just surviving—it's thriving while the old guard falters.
2025-04-12 07:02:13,Bitcoin's the only asset I'd bet on in this mess. You should too.
2025-04-12 08:50:13,Why save in dollars when Bitcoin's holding value better than gold?
2025-04-12 09:23:13,HODLing Bitcoin isn't blind faith—it's math you can trust.
2025-04-12 09:34:13,Don't trust exchanges with your Bitcoin. Keys in hand or bust.
2025-04-12 10:42:13,Don't let headlines scare you off Bitcoin. It's built for this.
2025-04-12 11:03:13,Grab some Bitcoin now. Worst case? It's not a scam. Best case? You're early.
2025-04-12 18:50:13,"Your bank can't save you, but Bitcoin can—if you hold the keys."
2025-04-12 21:13:13,Your savings are melting. Bitcoin's the freezer you need.
2025-04-12 21:33:13,Don't let fear shake you out of Bitcoin. Tariffs? Noise. The long game matters.
2025-04-12 22:59:13,Bitcoin's not for the faint-hearted—it's for the future-minded.
